id,gestion,estudiante_id,unidad_educativa_id,curso_paralelo_origen,estado
1,2024,1,1,A,A
2,2024,2,1,A,A
3,2024,3,10,A,A
4,2024,4,1,A,A
5,2024,5,1,A,A
6,2024,6,1,A,A
7,2024,7,1,A,A
8,2024,8,1,A,A
9,2024,9,1,A,A
10,2024,10,1,A,A
11,2024,11,1,A,A
12,2024,12,13,A,A
13,2024,13,13,A,A
14,2024,14,13,A,A
15,2024,15,13,A,A
16,2024,16,13,A,A
17,2024,17,13,A,A
18,2024,18,13,A,A
19,2024,19,13,A,A
20,2024,20,13,A,A
21,2024,21,13,A,A
22,2024,22,20,A,A
23,2024,23,1,A,A
24,2024,24,1,A,A
25,2024,25,1,A,A
26,2024,26,1,A,A
27,2024,27,1,A,A
28,2024,28,1,A,A
29,2024,29,13,A,A
30,2024,30,13,A,A
31,2024,31,13,A,A
32,2024,32,13,A,A
33,2024,33,13,A,A
34,2024,34,13,A,A
35,2024,35,20,A,A
36,2024,36,25,A,A
37,2024,37,25,A,A
38,2024,38,25,A,A
39,2024,39,25,A,A
40,2024,40,25,A,A
41,2024,41,19,A,A
42,2024,42,25,A,A
43,2024,43,25,A,A
44,2024,44,25,A,A
45,2024,45,25,A,A
46,2024,46,25,A,A
47,2024,47,25,A,A
48,2024,48,1,B,A
49,2024,49,6,C,A
50,2024,50,6,B,A
51,2024,51,6,C,A
52,2024,52,13,C,A
53,2024,53,13,C,A
54,2024,54,13,C,A
55,2024,55,13,D,A
56,2024,56,13,C,A
57,2024,57,1,A,A
58,2024,58,1,A,A
59,2024,59,1,A,A
60,2024,60,21,B,A
61,2024,61,19,A,A
62,2024,62,20,B,A
63,2024,63,20,B,A
64,2024,64,20,B,A
65,2024,65,5,A,A
66,2024,66,5,A,A
67,2024,67,1,A,A
68,2024,68,7,A,A
69,2024,69,19,B,A
70,2024,70,21,A,A
71,2024,71,21,B,A
72,2024,72,6,A,A
73,2024,73,13,C,A
74,2024,74,6,B,A
75,2024,75,13,B,A
76,2024,76,19,A,A
77,2024,77,21,B,A
78,2024,78,13,B,A
79,2024,79,21,B,A
80,2024,80,6,B,A
81,2024,81,20,A,A
82,2024,82,1,B,A
83,2024,83,7,A,A
84,2024,84,1,A,A
85,2024,85,21,A,A
86,2024,86,21,B,A
87,2024,87,19,A,A
88,2024,88,1,A,A
89,2024,89,20,B,A
90,2024,90,6,B,A
91,2024,91,6,B,A
92,2024,92,6,C,A
93,2024,93,21,A,A
94,2024,94,6,B,A
95,2024,95,21,A,A
96,2024,96,13,A,A
97,2024,97,13,B,A
98,2024,98,19,B,A
99,2024,99,19,A,A
100,2024,100,21,A,A
101,2024,101,19,A,A
102,2024,102,11,A,A
103,2024,103,29,A,A
104,2024,104,6,A,A
105,2024,105,6,A,A
106,2024,106,6,C,A
107,2024,107,6,C,A
108,2024,108,6,C,A
109,2024,109,6,C,A
110,2024,110,6,C,A
111,2024,111,6,C,A
112,2024,112,6,A,A
113,2024,113,6,A,A
114,2024,114,13,B,A
115,2024,115,13,C,A
116,2024,116,13,C,A
117,2024,117,13,C,A
118,2024,118,13,C,A
119,2024,119,13,A,A
120,2024,120,13,C,A
121,2024,121,13,C,A
122,2024,122,13,C,A
123,2024,123,6,C,A
124,2024,124,6,B,A
125,2024,125,7,A,A
126,2024,126,5,A,A
127,2024,127,1,A,A
128,2024,128,20,B,A
129,2024,129,10,A,A
130,2024,130,6,B,A
131,2024,131,13,B,A
132,2024,132,13,C,A
133,2024,133,13,C,A
134,2024,134,13,C,A
135,2024,135,13,C,A
136,2024,136,13,C,A
137,2024,137,6,C,A
138,2024,138,6,A,A
139,2024,139,1,B,A
140,2024,140,10,A,A
141,2024,141,1,A,A
142,2024,142,6,A,A
143,2024,143,6,A,A
144,2024,144,6,B,A
145,2024,145,13,C,A
146,2024,146,6,C,A
147,2024,147,6,A,A
148,2024,148,20,B,A
149,2024,149,10,A,A
150,2024,150,10,A,A
151,2024,151,29,A,A
152,2024,152,19,A,A
153,2024,153,20,B,A
154,2024,154,6,C,A
155,2024,155,6,C,A
156,2024,156,6,C,A
157,2024,157,6,C,A
158,2024,158,6,A,A
159,2024,159,6,B,A
160,2024,160,19,A,A
161,2024,161,19,B,A
162,2024,162,11,A,A
163,2024,163,25,C,A
164,2024,164,5,A,A
165,2024,165,13,B,A
166,2024,166,21,A,A
167,2024,167,21,B,A
168,2024,168,7,A,A
169,2024,169,13,B,A
170,2024,170,20,B,A
171,2024,171,13,A,A
172,2024,172,13,B,A
173,2024,173,6,A,A
174,2024,174,6,A,A
175,2024,175,6,A,A
176,2024,176,6,A,A
177,2024,177,6,A,A
178,2024,178,6,A,A
179,2024,179,6,A,A
180,2024,180,6,A,A
181,2024,181,6,A,A
182,2024,182,6,A,A
183,2024,183,6,A,A
184,2024,184,6,B,A
185,2024,185,6,B,A
186,2024,186,6,B,A
187,2024,187,6,B,A
188,2024,188,6,B,A
189,2024,189,6,B,A
190,2024,190,6,A,A
191,2024,191,6,B,A
192,2024,192,6,B,A
193,2024,193,6,C,A
194,2024,194,6,C,A
195,2024,195,6,C,A
196,2024,196,6,C,A
197,2024,197,13,C,A
198,2024,198,6,C,A
199,2024,199,6,C,A
200,2024,200,13,C,A
201,2024,201,13,C,A
202,2024,202,13,A,A
203,2024,203,13,C,A
204,2024,204,13,A,A
205,2024,205,13,C,A
206,2024,206,13,C,A
207,2024,207,13,C,A
208,2024,208,13,C,A
209,2024,209,13,A,A
210,2024,210,13,B,A
211,2024,211,13,B,A
212,2024,212,13,A,A
213,2024,213,13,C,A
214,2024,214,13,A,A
215,2024,215,13,A,A
216,2024,216,13,A,A
217,2024,217,13,C,A
218,2024,218,13,A,A
219,2024,219,21,A,A
220,2024,220,19,C,A
221,2024,221,19,A,A
222,2024,222,13,A,A
223,2024,223,13,B,A
224,2024,224,21,B,A
225,2024,225,29,A,A
226,2024,226,21,B,A
227,2024,227,21,B,A
228,2024,228,6,A,A
229,2024,229,25,A,A
230,2024,230,21,A,A
231,2024,231,25,A,A
232,2024,232,21,A,A
233,2024,233,25,A,A
234,2024,234,21,A,A
235,2024,235,21,B,A
236,2024,236,21,A,A
237,2024,237,21,A,A
238,2024,238,21,B,A
239,2024,239,21,B,A
240,2024,240,21,B,A
241,2024,241,21,A,A
242,2024,242,21,A,A
243,2024,243,21,A,A
244,2024,244,21,B,A
245,2024,245,21,A,A
246,2024,246,20,B,A
247,2024,247,20,B,A
248,2024,248,1,Z,A
249,2024,249,20,B,A
250,2024,250,20,A,A
251,2024,251,20,B,A
252,2024,252,20,B,A
253,2024,253,1,A,A
254,2024,254,10,A,A
255,2024,255,10,A,A
256,2024,256,10,A,A
257,2024,257,10,A,A
258,2024,258,19,A,A
259,2024,259,19,B,A
260,2024,260,19,C,A
261,2024,261,19,B,A
262,2024,262,19,B,A
263,2024,263,19,B,A
264,2024,264,20,B,A
265,2024,265,20,B,A
266,2024,266,20,A,A
267,2024,267,20,A,A
268,2024,268,6,A,A
269,2024,269,6,A,A
270,2024,270,6,A,A
271,2024,271,6,A,A
272,2024,272,6,A,A
273,2024,273,19,B,A
274,2024,274,6,A,A
275,2024,275,6,A,A
276,2024,276,6,C,A
277,2024,277,6,C,A
278,2024,278,6,C,A
279,2024,279,6,C,A
280,2024,280,6,C,A
281,2024,281,6,B,A
282,2024,282,6,B,A
283,2024,283,6,B,A
284,2024,284,6,B,A
285,2024,285,6,A,A
286,2024,286,19,A,A
287,2024,287,6,A,A
288,2024,288,6,A,A
289,2024,289,6,A,A
290,2024,290,6,A,A
291,2024,291,6,B,A
292,2024,292,6,A,A
293,2024,293,6,B,A
294,2024,294,6,C,A
295,2024,295,6,A,A
296,2024,296,29,A,A
297,2024,297,6,C,A
298,2024,298,6,A,A
299,2024,299,6,A,A
300,2024,300,29,A,A
301,2024,301,6,C,A
302,2024,302,6,B,A
303,2024,303,6,B,A
304,2024,304,10,A,A
305,2024,305,6,C,A
306,2024,306,10,A,A
307,2024,307,25,A,A
308,2024,308,6,A,A
309,2024,309,25,A,A
310,2024,310,6,A,A
311,2024,311,6,C,A
312,2024,312,6,C,A
313,2024,313,6,B,A
314,2024,314,6,B,A
315,2024,315,6,C,A
316,2024,316,6,C,A
317,2024,317,6,B,A
318,2024,318,13,C,A
319,2024,319,13,A,A
320,2024,320,13,B,A
321,2024,321,13,A,A
322,2024,322,13,A,A
323,2024,323,13,B,A
324,2024,324,13,A,A
326,2024,326,13,B,A
327,2024,327,13,B,A
328,2024,328,13,C,A
329,2024,329,13,A,A
330,2024,330,13,C,A
331,2024,331,13,B,A
332,2024,332,13,C,A
333,2024,333,13,B,A
334,2024,334,13,B,A
335,2024,335,13,C,A
336,2024,336,13,B,A
337,2024,337,13,B,A
338,2024,338,13,B,A
339,2024,339,13,B,A
340,2024,340,13,C,A
341,2024,341,13,C,A
342,2024,342,13,C,A
343,2024,343,21,B,A
344,2024,344,21,B,A
345,2024,345,21,A,A
346,2024,346,21,B,A
347,2024,347,21,A,A
348,2024,348,21,B,A
349,2024,349,21,A,A
350,2024,350,21,B,A
351,2024,351,20,A,A
352,2024,352,20,A,A
353,2024,353,19,B,A
354,2024,354,21,A,A
355,2024,355,21,A,A
356,2024,356,21,A,A
357,2024,357,19,A,A
358,2024,358,19,B,A
359,2024,359,19,B,A
360,2024,360,19,B,A
361,2024,361,19,B,A
362,2024,362,19,B,A
363,2024,363,19,B,A
364,2024,364,19,B,A
365,2024,365,6,B,A
366,2024,366,25,A,A
367,2024,367,10,A,A
368,2024,368,1,A,A
369,2024,369,19,A,A
370,2024,370,29,A,A
371,2024,371,17,A,A
372,2024,372,5,A,A
373,2024,373,1,B,A
374,2024,374,19,A,A
375,2024,375,19,B,A
376,2024,376,17,A,A
377,2024,377,20,B,A
378,2024,378,13,C,A
379,2024,379,20,A,A
380,2024,380,17,A,A
381,2024,381,29,A,A
382,2024,382,25,A,A
383,2024,383,25,A,A
384,2024,384,13,B,A
385,2024,385,1,B,A
386,2024,386,19,B,A
387,2024,387,10,A,A
388,2024,388,6,C,A
415,2024,415,19,B,A
416,2024,416,6,C,A
417,2024,417,6,B,A
418,2024,418,13,C,A
419,2024,419,13,A,A
420,2024,420,21,A,A
421,2024,421,25,A,A
422,2024,422,20,B,A
423,2024,423,20,A,A
424,2024,424,20,A,A
425,2024,425,20,B,A
426,2024,426,1,B,A
427,2024,427,1,A,A
428,2024,428,1,B,A
429,2024,429,1,A,A
430,2024,430,1,A,A
431,2024,431,1,B,A
432,2024,432,1,A,A
433,2024,433,1,A,A
434,2024,434,1,B,A
435,2024,435,19,B,A
436,2024,436,1,A,A
437,2024,437,19,B,A
438,2024,438,19,C,A
439,2024,439,19,B,A
440,2024,440,19,B,A
441,2024,441,19,B,A
442,2024,442,19,A,A
443,2024,443,19,A,A
444,2024,444,20,B,A
445,2024,445,19,B,A
446,2024,446,21,A,A
447,2024,447,21,A,A
448,2024,448,25,A,A
449,2024,449,25,A,A
450,2024,450,25,A,A
451,2024,451,25,A,A
452,2024,452,29,A,A
453,2024,453,29,A,A
454,2024,454,29,A,A
455,2024,455,29,A,A
456,2024,456,29,A,A
457,2024,457,1,A,A
458,2024,458,6,B,A
459,2024,459,6,B,A
460,2024,460,6,C,A
461,2024,461,13,A,A
462,2024,462,13,A,A
463,2024,463,13,C,A
464,2024,464,13,C,A
465,2024,465,13,A,A
466,2024,466,19,A,A
467,2024,467,19,A,A
468,2024,468,19,B,A
469,2024,469,19,B,A
470,2024,470,19,B,A
471,2024,471,19,A,A
472,2024,472,19,B,A
473,2024,473,13,C,A
474,2024,474,13,C,A
475,2024,475,13,A,A
476,2024,476,13,C,A
477,2024,477,13,C,A
478,2024,478,13,C,A
479,2024,479,13,B,A
480,2024,480,13,A,A
481,2024,481,13,C,A
482,2024,482,13,A,A
483,2024,483,13,B,A
484,2024,484,13,C,A
485,2024,485,13,B,A
486,2024,486,13,A,A
487,2024,487,13,A,A
488,2024,488,13,B,A
489,2024,489,21,A,A
490,2024,490,1,A,A
491,2024,491,1,A,A
492,2024,492,29,A,A
493,2024,493,1,A,A
494,2024,494,1,B,A
495,2024,495,21,B,A
496,2024,496,21,B,A
497,2024,497,21,A,A
498,2024,498,21,A,A
499,2024,499,21,B,A
500,2024,500,29,A,A
501,2024,501,29,A,A
502,2024,502,29,A,A
503,2024,503,29,A,A
504,2024,504,1,B,A
505,2024,505,1,B,A
506,2024,506,1,B,A
507,2024,507,1,A,A
508,2024,508,1,A,A
509,2024,509,21,A,A
510,2024,510,1,A,A
511,2024,511,20,A,A
512,2024,512,10,A,A
513,2024,513,10,A,A
515,2024,515,10,A,A
516,2024,516,10,A,A
517,2024,517,20,A,A
518,2024,518,10,A,A
519,2024,519,25,A,A
520,2024,520,25,A,A
521,2024,521,10,A,A
522,2024,522,20,A,A
523,2024,523,20,B,A
524,2024,524,20,B,A
525,2024,525,20,A,A
526,2024,526,19,A,A
527,2024,527,19,A,A
528,2024,528,19,A,A
529,2024,529,19,A,A
530,2024,530,19,A,A
531,2024,531,19,A,A
532,2024,532,19,A,A
533,2024,533,19,B,A
534,2024,534,19,A,A
535,2024,535,19,A,A
536,2024,536,19,A,A
537,2024,537,19,C,A
538,2024,538,19,C,A
539,2024,539,19,C,A
540,2024,540,25,A,A
541,2024,541,25,B,A
542,2024,542,25,B,A
543,2024,543,25,A,A
544,2024,544,25,B,A
545,2024,545,25,B,A
546,2024,546,25,B,A
547,2024,547,25,B,A
548,2024,548,25,B,A
549,2024,549,1,B,A
550,2024,550,1,B,A
600,2024,600,10,A,A
601,2024,601,25,A,A
602,2024,602,13,A,A
603,2024,603,13,A,A
604,2024,604,13,A,A
605,2024,605,13,B,A
606,2024,606,13,A,A
607,2024,607,25,B,A
608,2024,608,1,B,A
609,2024,609,25,A,A
610,2024,610,1,A,A
611,2024,611,25,B,A
612,2024,612,13,C,A
613,2024,613,13,A,A
614,2024,614,1,A,A
615,2024,615,25,A,A
616,2024,616,25,A,A
617,2024,617,25,A,A
618,2024,618,29,A,A
620,2024,620,13,B,A
621,2024,621,13,C,A
622,2024,622,29,A,A
623,2024,623,29,A,A
624,2024,624,29,A,A
625,2024,625,29,A,A
626,2024,626,13,A,A
627,2024,627,19,A,A
628,2024,628,19,B,A
629,2024,629,19,B,A
630,2024,630,19,A,A
631,2024,631,19,A,A
632,2024,632,19,A,A
633,2024,633,19,A,A
634,2024,634,19,B,A
635,2024,635,19,A,A
636,2024,636,20,A,A
637,2024,637,20,B,A
638,2024,638,20,A,A
639,2024,639,20,A,A
640,2024,640,21,B,A
641,2024,641,21,B,A
642,2024,642,21,B,A
643,2024,643,21,B,A
644,2024,644,21,B,A
645,2024,645,21,B,A
646,2024,646,21,B,A
647,2024,647,21,A,A
648,2024,648,10,A,A
575,2024,575,10,A,A
576,2024,576,13,C,A
577,2024,577,13,A,A
578,2024,578,13,C,A
579,2024,579,13,C,A
580,2024,580,13,A,A
581,2024,581,13,C,A
582,2024,582,13,B,A
583,2024,583,13,C,A
584,2024,584,13,C,A
585,2024,585,13,B,A
586,2024,586,13,B,A
587,2024,587,13,B,A
588,2024,588,13,C,A
589,2024,589,1,B,A
590,2024,590,1,B,A
591,2024,591,29,A,A
592,2024,592,29,A,A
593,2024,593,1,A,A
594,2024,594,1,B,A
595,2024,595,1,B,A
596,2024,596,13,C,A
650,2024,650,1,B,A
651,2024,651,1,A,A
652,2024,652,5,A,A
653,2024,653,25,A,A
654,2024,654,6,B,A
655,2024,655,10,A,A
676,2024,676,6,A,A
677,2024,677,17,A,A
678,2024,678,19,B,A
679,2024,679,25,A,A
680,2024,680,10,A,A
681,2024,681,7,A,A
656,2024,656,25,A,A
657,2024,657,25,B,A
658,2024,658,1,B,A
659,2024,659,10,A,A
660,2024,660,10,A,A
661,2024,661,29,A,A
662,2024,662,20,B,A
663,2024,663,20,A,A
664,2024,664,13,B,A
665,2024,665,7,A,A
666,2024,666,7,A,A
667,2024,667,19,B,A
668,2024,668,19,A,A
669,2024,669,19,B,A
670,2024,670,13,B,A
671,2024,671,19,A,A
701,2024,701,13,B,A
702,2024,702,6,C,A
703,2024,703,19,C,A
704,2024,704,19,C,A
705,2024,705,19,C,A
706,2024,706,19,C,A
707,2024,707,10,A,A
708,2024,708,10,A,A
709,2024,709,10,A,A
710,2024,710,10,A,A
711,2024,711,21,A,A
712,2024,712,21,A,A
713,2024,713,21,A,A
714,2024,714,21,A,A
715,2024,715,21,A,A
716,2024,716,21,A,A
717,2024,717,20,B,A
718,2024,718,20,A,A
719,2024,719,20,B,A
720,2024,720,20,B,A
721,2024,721,7,A,A
722,2024,722,6,B,A
723,2024,723,1,A,A
724,2024,724,19,B,A
725,2024,725,25,A,A
726,2024,726,25,A,A
727,2024,727,1,B,A
728,2024,728,1,B,A
729,2024,729,29,A,A
730,2024,730,29,A,A
731,2024,731,1,B,A
732,2024,732,25,B,A
733,2024,733,25,A,A
734,2024,734,6,B,A
735,2024,735,1,B,A
736,2024,736,29,A,A
737,2024,737,21,B,A
738,2024,738,1,B,A
739,2024,739,25,A,A
740,2024,740,25,B,A
741,2024,741,25,B,A
742,2024,742,1,B,A
743,2024,743,25,B,A
744,2024,744,29,A,A
745,2024,745,6,A,A
746,2024,746,25,A,A
747,2024,747,6,C,A
748,2024,748,29,A,A
749,2024,749,21,B,A
750,2024,750,21,A,A
751,2024,751,21,B,A
752,2024,752,21,B,A
753,2024,753,21,A,A
754,2024,754,21,B,A
755,2024,755,21,A,A
756,2024,756,1,B,A
757,2024,757,6,A,A
758,2024,758,1,B,A
759,2024,759,21,A,A
760,2024,760,29,A,A
761,2024,761,29,A,A
762,2024,762,29,A,A
763,2024,763,29,A,A
764,2024,764,21,B,A
765,2024,765,25,B,A
766,2024,766,1,B,A
767,2024,767,25,B,A
768,2024,768,25,B,A
769,2024,769,6,A,A
770,2024,770,10,A,A
771,2024,771,6,B,A
772,2024,772,6,A,A
773,2024,773,6,A,A
774,2024,774,20,A,A
775,2024,775,10,A,A
776,2024,776,1,B,A
778,2024,778,1,B,A
779,2024,779,13,A,A
780,2024,780,19,B,A
781,2024,781,25,B,A
782,2024,782,20,B,A
783,2024,783,19,A,A
784,2024,784,20,A,A
785,2024,785,13,B,A
786,2024,786,20,A,A
787,2024,787,21,B,A
788,2024,788,25,B,A
789,2024,789,19,B,A
790,2024,790,20,B,A
791,2024,791,19,B,A
792,2024,792,6,A,A
793,2024,793,13,C,A
794,2024,794,6,A,A
795,2024,795,19,B,A
796,2024,796,20,B,A
797,2024,797,20,B,A
798,2024,798,19,B,A
799,2024,799,13,A,A
800,2024,800,13,B,A
801,2024,801,19,B,A
802,2024,802,6,A,A
803,2024,803,20,B,A
804,2024,804,10,A,A
805,2024,805,5,A,A
806,2024,806,1,B,A
807,2024,807,13,A,A
808,2024,808,13,A,A
809,2024,809,13,B,A
810,2024,810,13,A,A
811,2024,811,13,B,A
812,2024,812,6,B,A
813,2024,813,1,B,A
814,2024,814,13,C,A
815,2024,815,6,B,A
816,2024,816,6,A,A
817,2024,817,11,A,A
818,2024,818,21,B,A
819,2024,819,21,B,A
820,2024,820,11,A,A
821,2024,821,11,A,A
822,2024,822,6,A,A
823,2024,823,5,A,A
824,2024,824,11,A,A
825,2024,825,21,B,A
826,2024,826,6,C,A
827,2024,827,6,A,A
828,2024,828,6,A,A
829,2024,829,6,C,A
830,2024,830,7,A,A
831,2024,831,7,A,A
832,2024,832,1,A,A
833,2024,833,1,B,A
834,2024,834,13,A,A
835,2024,835,13,A,A
836,2024,836,6,A,A
837,2024,837,6,A,A
838,2024,838,6,B,A
839,2024,839,6,C,A
840,2024,840,6,B,A
841,2024,841,6,C,A
842,2024,842,6,A,A
843,2024,843,6,A,A
844,2024,844,6,C,A
845,2024,845,13,C,A
846,2024,846,13,B,A
847,2024,847,13,B,A
848,2024,848,6,B,A
849,2024,849,19,B,A
850,2024,850,5,A,A
851,2024,851,1,A,A
852,2024,852,7,A,A
853,2024,853,1,B,A
854,2024,854,1,B,A
855,2024,855,19,B,A
856,2024,856,13,B,A
857,2024,857,7,A,A
858,2024,858,6,A,A
859,2024,859,6,A,A
860,2024,860,20,A,A
861,2024,861,21,A,A
862,2024,862,25,B,A
863,2024,863,5,A,A
864,2024,864,7,A,A
865,2024,865,19,A,A
866,2024,866,6,C,A
867,2024,867,19,B,A
868,2024,868,11,A,A
869,2024,869,13,A,A
870,2024,870,13,A,A
871,2024,871,6,B,A
872,2024,872,6,B,A
921,2024,921,13,B,A
922,2024,922,10,A,A
923,2024,923,10,A,A
924,2024,924,13,B,A
925,2024,925,13,A,A
926,2024,926,13,B,A
927,2024,927,13,B,A
928,2024,928,13,B,A
929,2024,929,13,B,A
930,2024,930,13,A,A
931,2024,931,13,B,A
932,2024,932,13,B,A
933,2024,933,13,B,A
934,2024,934,13,B,A
935,2024,935,13,A,A
936,2024,936,13,B,A
937,2024,937,13,C,A
938,2024,938,13,B,A
939,2024,939,13,A,A
940,2024,940,13,B,A
941,2024,941,13,B,A
942,2024,942,13,B,A
943,2024,943,13,B,A
944,2024,944,13,B,A
945,2024,945,6,A,A
946,2024,946,25,A,A
947,2024,947,6,C,A
948,2024,948,6,B,A
949,2024,949,6,A,A
950,2024,950,6,C,A
951,2024,951,19,A,A
952,2024,952,25,B,A
953,2024,953,6,B,A
898,2024,898,21,A,A
899,2024,899,29,A,A
900,2024,900,19,B,A
901,2024,901,6,C,A
902,2024,902,13,A,A
903,2024,903,6,B,A
904,2024,904,13,B,A
905,2024,905,25,B,A
906,2024,906,25,B,A
907,2024,907,25,B,A
908,2024,908,25,B,A
909,2024,909,13,B,A
910,2024,910,7,A,A
911,2024,911,7,A,A
912,2024,912,7,A,A
913,2024,913,1,A,A
914,2024,914,1,A,A
915,2024,915,20,A,A
916,2024,916,20,A,A
917,2024,917,20,A,A
918,2024,918,17,A,A
919,2024,919,17,A,A
920,2024,920,17,A,A
954,2024,954,6,C,A
955,2024,955,6,B,A
956,2024,956,6,B,A
957,2024,957,6,C,A
958,2024,958,6,C,A
959,2024,959,6,B,A
960,2024,960,6,C,A
961,2024,961,6,B,A
962,2024,962,6,B,A
963,2024,963,6,C,A
964,2024,964,25,B,A
965,2024,965,6,C,A
967,2024,967,20,A,A
968,2024,968,20,A,A
969,2024,969,20,A,A
970,2024,970,20,A,A
971,2024,971,20,A,A
972,2024,972,20,B,A
973,2024,973,20,B,A
974,2024,974,20,B,A
975,2024,975,20,A,A
976,2024,976,19,C,A
977,2024,977,19,B,A
978,2024,978,19,B,A
979,2024,979,19,C,A
980,2024,980,19,B,A
981,2024,981,19,B,A
982,2024,982,19,C,A
983,2024,983,19,B,A
984,2024,984,19,C,A
985,2024,985,19,C,A
986,2024,986,19,C,A
987,2024,987,19,C,A
988,2024,988,19,C,A
989,2024,989,21,A,A
990,2024,990,21,B,A
991,2024,991,29,A,A
992,2024,992,1,A,A
993,2024,993,1,A,A
994,2024,994,1,A,A
995,2024,995,1,B,A
996,2024,996,21,A,A
997,2024,997,21,A,A
998,2024,998,21,A,A
999,2024,999,21,A,A
1000,2024,1000,1,B,A
1001,2024,1001,29,A,A
1002,2024,1002,1,B,A
1003,2024,1003,1,B,A
1004,2024,1004,6,C,A
1005,2024,1005,21,A,A
1006,2024,1006,1,A,A
1007,2024,1007,1,B,A
1008,2024,1008,21,A,A
1009,2024,1009,21,A,A
1010,2024,1010,21,A,A
1011,2024,1011,21,B,A
1012,2024,1012,21,A,A
1013,2024,1013,19,A,A
1014,2024,1014,25,A,A
1015,2024,1015,6,C,A
1016,2024,1016,6,C,A
1017,2024,1017,6,B,A
1018,2024,1018,6,A,A
1019,2024,1019,6,A,A
1020,2024,1020,6,B,A
1021,2024,1021,6,A,A
1022,2024,1022,6,A,A
1023,2024,1023,6,A,A
1024,2024,1024,6,A,A
1025,2024,1025,6,A,A
1026,2024,1026,6,A,A
1027,2024,1027,6,C,A
1028,2024,1028,6,B,A
1029,2024,1029,6,C,A
1030,2024,1030,6,B,A
1031,2024,1031,6,C,A
1032,2024,1032,25,A,A
1033,2024,1033,25,B,A
1034,2024,1034,25,A,A
1035,2024,1035,25,A,A
1036,2024,1036,25,B,A
1037,2024,1037,25,B,A
1038,2024,1038,13,A,A
1039,2024,1039,10,A,A
1040,2024,1040,10,A,A
1041,2024,1041,10,A,A
1042,2024,1042,10,A,A
1043,2024,1043,10,A,A
1044,2024,1044,10,A,A
1045,2024,1045,10,A,A
1046,2024,1046,20,B,A
1047,2024,1047,20,B,A
1048,2024,1048,21,A,A
1049,2024,1049,13,B,A
1050,2024,1050,13,B,A
1051,2024,1051,13,C,A
1052,2024,1052,13,B,A
1053,2024,1053,13,C,A
1054,2024,1054,13,C,A
1055,2024,1055,21,A,A
1056,2024,1056,21,B,A
1057,2024,1057,21,B,A
1058,2024,1058,21,B,A
1059,2024,1059,21,A,A
1060,2024,1060,21,A,A
1061,2024,1061,1,B,A
1062,2024,1062,13,A,A
1063,2024,1063,13,B,A
1064,2024,1064,13,A,A
1065,2024,1065,13,B,A
1066,2024,1066,13,A,A
1067,2024,1067,13,C,A
1068,2024,1068,13,A,A
1069,2024,1069,13,C,A
1070,2024,1070,13,A,A
1071,2024,1071,13,C,A
1072,2024,1072,13,A,A
1073,2024,1073,21,B,A
1074,2024,1074,13,C,A
1075,2024,1075,13,B,A
1076,2024,1076,13,C,A
1077,2024,1077,13,C,A
1078,2024,1078,13,A,A
1079,2024,1079,13,B,A
1080,2024,1080,13,A,A
1081,2024,1081,13,A,A
1082,2024,1082,13,B,A
1083,2024,1083,13,C,A
1084,2024,1084,13,C,A
1085,2024,1085,13,C,A
1086,2024,1086,13,C,A
1087,2024,1087,19,A,A
1088,2024,1088,19,B,A
1089,2024,1089,1,A,A
1090,2024,1090,1,B,A
1091,2024,1091,1,B,A
1092,2024,1092,1,B,A
1093,2024,1093,1,A,A
1094,2024,1094,1,A,A
1095,2024,1095,1,B,A
1096,2024,1096,1,A,A
1097,2024,1097,1,B,A
1098,2024,1098,1,A,A
1099,2024,1099,19,A,A
1100,2024,1100,19,A,A
1101,2024,1101,19,B,A
1102,2024,1102,19,A,A
1103,2024,1103,19,B,A
1104,2024,1104,19,A,A
1105,2024,1105,19,B,A
1106,2024,1106,21,B,A
1107,2024,1107,13,C,A
1108,2024,1108,1,B,A
1109,2024,1109,1,A,A
1110,2024,1110,1,A,A
1111,2024,1111,1,A,A
1112,2024,1112,29,A,A
1113,2024,1113,6,A,A
1114,2024,1114,6,C,A
1115,2024,1115,13,A,A
1116,2024,1116,13,A,A
1117,2024,1117,13,B,A
1118,2024,1118,7,A,A
1119,2024,1119,7,A,A
1120,2024,1120,19,A,A
1121,2024,1121,19,A,A
1122,2024,1122,19,A,A
1123,2024,1123,19,B,A
1124,2024,1124,19,B,A
1125,2024,1125,25,A,A
1126,2024,1126,11,A,A
1127,2024,1127,29,A,A
1128,2024,1128,21,B,A
1129,2024,1129,21,B,A
1130,2024,1130,17,A,A
1131,2024,1131,17,A,A
1132,2024,1132,7,A,A
1133,2024,1133,6,C,A
1134,2024,1134,6,B,A
1135,2024,1135,6,B,A
1136,2024,1136,6,A,A
1137,2024,1137,29,A,A
1138,2024,1138,7,A,A
1140,2024,1140,7,A,A
1141,2024,1141,13,A,A
1142,2024,1142,6,B,A
1143,2024,1143,21,B,A
1144,2024,1144,13,B,A
1145,2024,1145,13,B,A
1146,2024,1146,7,A,A
1147,2024,1147,21,B,A
1148,2024,1148,7,A,A
1149,2024,1149,7,A,A
1150,2024,1150,21,B,A
1151,2024,1151,11,A,A
1152,2024,1152,11,A,A
1153,2024,1153,11,A,A
1154,2024,1154,19,A,A
1155,2024,1155,13,A,A
1156,2024,1156,6,B,A
1157,2024,1157,6,C,A
1158,2024,1158,6,A,A
1159,2024,1159,13,A,A
1160,2024,1160,6,B,A
1161,2024,1161,19,A,A
1187,2024,1187,6,C,A
1188,2024,1188,6,C,A
1189,2024,1189,5,A,A
1190,2024,1190,5,A,A
1191,2024,1191,29,A,A
1192,2024,1192,29,A,A
1193,2024,1193,20,A,A
1194,2024,1194,6,A,A
1195,2024,1195,6,B,A
1196,2024,1196,6,A,A
1197,2024,1197,6,B,A
1198,2024,1198,6,C,A
1199,2024,1199,19,A,A
1200,2024,1200,19,A,A
1201,2024,1201,19,B,A
1202,2024,1202,21,B,A
1203,2024,1203,20,A,A
1204,2024,1204,20,B,A
1205,2024,1205,7,A,A
1206,2024,1206,10,B,A
1207,2024,1207,21,B,A
1208,2024,1208,1,A,A
1209,2024,1209,19,A,A
1212,2024,1212,1,B,A
1213,2024,1213,1,A,A
1214,2024,1214,13,A,A
1215,2024,1215,1,B,A
1216,2024,1216,1,A,A
1217,2024,1217,1,A,A
1218,2024,1218,10,A,A
1219,2024,1219,11,A,A
1220,2024,1220,19,B,A
1221,2024,1221,19,A,A
1222,2024,1222,1,A,A
1223,2024,1223,21,B,A
1224,2024,1224,1,A,A
1225,2024,1225,19,A,A
1226,2024,1226,11,A,A
1227,2024,1227,13,A,A
1236,2024,1236,1,B,A
1237,2024,1237,1,B,A
1238,2024,1238,13,C,A
1239,2024,1239,1,B,A
1240,2024,1240,1,A,A
1241,2024,1241,1,A,A
1242,2024,1242,1,A,A
1243,2024,1243,1,A,A
1244,2024,1244,10,A,A
1245,2024,1245,25,A,A
1246,2024,1246,13,B,A
1247,2024,1247,13,A,A
1248,2024,1248,13,A,A
1249,2024,1249,13,A,A
1250,2024,1250,13,A,A
1251,2024,1251,13,C,A
1252,2024,1252,13,A,A
1253,2024,1253,13,C,A
1254,2024,1254,1,A,A
1255,2024,1255,1,B,A
1256,2024,1256,13,C,A
1257,2024,1257,13,A,A
1258,2024,1258,1,A,A
1259,2024,1259,19,A,A
1260,2024,1260,19,B,A
1261,2024,1261,19,A,A
1262,2024,1262,19,A,A
1263,2024,1263,19,B,A
1264,2024,1264,19,A,A
1265,2024,1265,19,B,A
1266,2024,1266,19,A,A
1267,2024,1267,19,C,A
1268,2024,1268,19,C,A
1269,2024,1269,21,A,A
1270,2024,1270,19,A,A
1271,2024,1271,21,B,A
1272,2024,1272,21,B,A
1273,2024,1273,21,B,A
1274,2024,1274,19,A,A
1275,2024,1275,19,B,A
1276,2024,1276,19,B,A
1277,2024,1277,21,B,A
1278,2024,1278,21,A,A
1279,2024,1279,19,C,A
1280,2024,1280,21,B,A
1281,2024,1281,19,B,A
1282,2024,1282,6,B,A
1283,2024,1283,6,C,A
1284,2024,1284,25,A,A
1285,2024,1285,25,A,A
1286,2024,1286,25,A,A
1287,2024,1287,25,B,A
1288,2024,1288,25,B,A
1289,2024,1289,25,B,A
1290,2024,1290,25,B,A
1291,2024,1291,25,B,A
1292,2024,1292,25,B,A
1293,2024,1293,25,B,A
1294,2024,1294,6,B,A
1295,2024,1295,6,B,A
1296,2024,1296,6,A,A
1297,2024,1297,6,B,A
1298,2024,1298,6,A,A
1299,2024,1299,6,A,A
1300,2024,1300,6,A,A
1301,2024,1301,6,C,A
1302,2024,1302,6,C,A
1303,2024,1303,6,B,A
1304,2024,1304,6,A,A
1305,2024,1305,29,A,A
1306,2024,1306,10,A,A
1307,2024,1307,10,A,A
1308,2024,1308,10,A,A
1309,2024,1309,10,A,A
1310,2024,1310,20,B,A
1311,2024,1311,20,B,A
1312,2024,1312,20,B,A
1313,2024,1313,20,B,A
1314,2024,1314,20,A,A
1315,2024,1315,25,B,A
1316,2024,1316,25,B,A
1317,2024,1317,25,A,A
1318,2024,1318,25,A,A
1319,2024,1319,29,A,A
1320,2024,1320,29,A,A
1321,2024,1321,29,A,A
1322,2024,1322,29,A,A
1323,2024,1323,29,A,A
1324,2024,1324,29,A,A
1325,2024,1325,29,A,A
1326,2024,1326,6,B,A
1327,2024,1327,29,A,A
1328,2024,1328,6,B,A
1329,2024,1329,6,C,A
1330,2024,1330,6,C,A
1331,2024,1331,6,A,A
1332,2024,1332,6,C,A
1333,2024,1333,6,B,A
1334,2024,1334,6,B,A
1335,2024,1335,6,B,A
1336,2024,1336,6,C,A
1337,2024,1337,6,A,A
1338,2024,1338,6,B,A
1339,2024,1339,6,B,A
1340,2024,1340,6,C,A
1341,2024,1341,6,B,A
1342,2024,1342,6,B,A
1343,2024,1343,6,B,A
1344,2024,1344,6,B,A
1345,2024,1345,1,A,A
1346,2024,1346,6,C,A
1347,2024,1347,6,B,A
1348,2024,1348,6,B,A
1349,2024,1349,6,B,A
1350,2024,1350,6,B,A
1351,2024,1351,6,C,A
1352,2024,1352,6,C,A
1353,2024,1353,20,A,A
1354,2024,1354,13,B,A
1355,2024,1355,13,B,A
1356,2024,1356,13,A,A
1357,2024,1357,13,B,A
1358,2024,1358,13,C,A
1359,2024,1359,13,B,A
1360,2024,1360,13,B,A
1361,2024,1361,13,A,A
1362,2024,1362,13,B,A
1363,2024,1363,13,C,A
1364,2024,1364,13,B,A
1365,2024,1365,13,A,A
1366,2024,1366,13,C,A
1367,2024,1367,13,A,A
1368,2024,1368,25,A,A
1369,2024,1369,13,A,A
1370,2024,1370,13,C,A
1371,2024,1371,13,A,A
1372,2024,1372,13,B,A
1373,2024,1373,13,C,A
1374,2024,1374,13,B,A
1375,2024,1375,13,C,A
1376,2024,1376,13,A,A
1377,2024,1377,10,A,A
1378,2024,1378,10,A,A
1379,2024,1379,29,A,A
1380,2024,1380,19,B,A
1381,2024,1381,19,B,A
1382,2024,1382,19,A,A
1383,2024,1383,19,A,A
1384,2024,1384,19,A,A
1385,2024,1385,19,B,A
1386,2024,1386,19,B,A
1387,2024,1387,19,B,A
1388,2024,1388,19,A,A
1389,2024,1389,19,A,A
1390,2024,1390,19,A,A
1391,2024,1391,1,A,A
1392,2024,1392,1,A,A
1393,2024,1393,19,B,A
1394,2024,1394,19,B,A
1395,2024,1395,29,A,A
1396,2024,1396,29,A,A
1397,2024,1397,19,A,A
1399,2024,1399,19,B,A
1400,2024,1400,19,B,A
1401,2024,1401,19,A,A
1402,2024,1402,21,B,A
1403,2024,1403,6,B,A
1404,2024,1404,6,C,A
1405,2024,1405,20,A,A
1406,2024,1406,20,B,A
1407,2024,1407,20,B,A
1408,2024,1408,20,B,A
1409,2024,1409,20,B,A
1410,2024,1410,20,A,A
1411,2024,1411,20,A,A
1412,2024,1412,20,A,A
1413,2024,1413,25,B,A
1414,2024,1414,25,A,A
1416,2024,1416,25,A,A
1417,2024,1417,25,B,A
1418,2024,1418,25,B,A
1419,2024,1419,21,B,A
1420,2024,1420,21,B,A
1421,2024,1421,19,A,A
1422,2024,1422,19,A,A
1423,2024,1423,1,A,A
1424,2024,1424,10,A,A
1425,2024,1425,19,B,A
1426,2024,1426,13,C,A
1427,2024,1427,13,A,A
1428,2024,1428,25,B,A
1429,2024,1429,20,A,A
1430,2024,1430,7,A,A
1431,2024,1431,7,A,A
1432,2024,1432,7,A,A
1433,2024,1433,21,A,A
1435,2024,1435,29,A,A
1436,2024,1436,29,A,A
1437,2024,1437,10,A,A
1438,2024,1438,10,A,A
1439,2024,1439,1,B,A
1440,2024,1440,1,B,A
1441,2024,1441,19,A,A
1442,2024,1442,19,A,A
1443,2024,1443,19,A,A
1444,2024,1444,25,A,A
1445,2024,1445,25,A,A
1446,2024,1446,25,B,A
1447,2024,1447,25,A,A
1448,2024,1448,6,C,A
1449,2024,1449,13,A,A
1450,2024,1450,11,B,A
1451,2024,1451,13,A,A
1452,2024,1452,6,B,A
1453,2024,1453,17,A,A
1455,2024,1455,29,A,A
1456,2024,1456,10,A,A
1457,2024,1457,20,A,A
1458,2024,1458,20,A,A
1459,2024,1459,20,A,A
1460,2024,1460,19,B,A
1461,2024,1461,19,B,A
1462,2024,1462,19,B,A
1463,2024,1463,19,A,A
1464,2024,1464,19,B,A
1465,2024,1465,25,B,A
1466,2024,1466,25,B,A
1467,2024,1467,25,B,A
1468,2024,1468,25,B,A
1469,2024,1469,21,A,A
1470,2024,1470,21,A,A
1471,2024,1471,21,A,A
1472,2024,1472,21,A,A
1473,2024,1473,21,A,A
1474,2024,1474,21,B,A
1475,2024,1475,20,A,A
1476,2024,1476,13,C,A
1477,2024,1477,20,B,A
1478,2024,1478,21,B,A
1479,2024,1479,25,B,A
1480,2024,1480,5,A,A
1481,2024,1481,11,A,A
1482,2024,1482,25,B,A
1483,2024,1483,20,B,A
1484,2024,1484,6,A,A
1485,2024,1485,20,A,A
1486,2024,1486,6,A,A
1487,2024,1487,20,B,A
1488,2024,1488,20,A,A
1489,2024,1489,1,B,A
1490,2024,1490,21,A,A
1491,2024,1491,25,A,A
1492,2024,1492,6,C,A
1493,2024,1493,21,B,A
1494,2024,1494,21,B,A
1495,2024,1495,21,A,A
1496,2024,1496,13,A,A
1497,2024,1497,13,C,A
1498,2024,1498,6,B,A
1499,2024,1499,20,Z,A
1500,2024,1500,1,Z,A
1501,2024,1501,6,B,A
1502,2024,1502,6,A,A
1503,2024,1503,6,C,A
1504,2024,1504,6,C,A
1505,2024,1505,6,B,A
1506,2024,1506,6,B,A
1507,2024,1507,6,A,A
1508,2024,1508,1,B,A
1509,2024,1509,1,B,A
1510,2024,1510,10,A,A
1511,2024,1511,10,Z,A
1512,2024,1512,1,A,A
1513,2024,1513,10,A,A
1514,2024,1514,10,A,A
1515,2024,1515,6,A,A
1516,2024,1516,20,Z,A
1517,2024,1517,1,B,A
1518,2024,1518,10,A,A
1519,2024,1519,20,B,A
1520,2024,1520,19,A,A
1521,2024,1521,19,C,A
1522,2024,1522,21,A,A
1523,2024,1523,21,A,A
1524,2024,1524,21,B,A
1525,2024,1525,21,B,A
1526,2024,1526,21,B,A
1527,2024,1527,21,B,A
1528,2024,1528,21,B,A
1529,2024,1529,21,B,A
1530,2024,1530,21,B,A
1531,2024,1531,19,A,A
1532,2024,1532,19,B,A
1533,2024,1533,20,A,A
1534,2024,1534,29,A,A
1535,2024,1535,29,A,A
1536,2024,1536,25,A,A
1537,2024,1537,25,A,A
1538,2024,1538,19,C,A
1539,2024,1539,29,A,A
1540,2024,1540,19,A,A
1541,2024,1541,29,A,A
1542,2024,1542,20,B,A
1543,2024,1543,20,B,A
1544,2024,1544,20,B,A
1545,2024,1545,20,B,A
1546,2024,1546,20,B,A
1547,2024,1547,20,B,A
1548,2024,1548,25,B,A
1549,2024,1549,6,C,A
1550,2024,1550,6,B,A
1551,2024,1551,6,A,A
1552,2024,1552,6,C,A
1553,2024,1553,6,B,A
1554,2024,1554,6,A,A
1555,2024,1555,6,A,A
1556,2024,1556,20,A,A
1557,2024,1557,20,A,A
1558,2024,1558,20,B,A
1559,2024,1559,20,A,A
1560,2024,1560,1,B,A
1561,2024,1561,1,B,A
1562,2024,1562,1,B,A
1563,2024,1563,1,B,A
1564,2024,1564,21,A,A
1565,2024,1565,21,A,A
1566,2024,1566,21,A,A
1567,2024,1567,19,B,A
1568,2024,1568,21,A,A
1569,2024,1569,21,A,A
1570,2024,1570,21,A,A
1571,2024,1571,19,B,A
1572,2024,1572,21,B,A
1573,2024,1573,10,A,A
1574,2024,1574,10,A,A
1575,2024,1575,10,A,A
1576,2024,1576,21,A,A
1577,2024,1577,21,A,A
1578,2024,1578,21,A,A
1579,2024,1579,13,A,A
1580,2024,1580,10,A,A
1581,2024,1581,10,A,A
1582,2024,1582,19,A,A
1583,2024,1583,19,A,A
1584,2024,1584,21,A,A
1585,2024,1585,21,A,A
1586,2024,1586,21,B,A
1587,2024,1587,29,A,A
1588,2024,1588,29,A,A
1589,2024,1589,29,A,A
966,2024,966,20,A,A
514,2024,514,17,A,A
1139,2024,1139,7,A,A
1162,2024,1162,10,A,A
1163,2024,1163,6,B,A
1164,2024,1164,6,B,A
1165,2024,1165,6,B,A
1166,2024,1166,6,C,A
1167,2024,1167,11,A,A
1168,2024,1168,13,A,A
1169,2024,1169,13,C,A
1170,2024,1170,21,A,A
1171,2024,1171,1,A,A
1172,2024,1172,11,A,A
1173,2024,1173,19,B,A
1174,2024,1174,19,A,A
1175,2024,1175,19,B,A
1176,2024,1176,19,A,A
1177,2024,1177,17,A,A
1178,2024,1178,10,A,A
1179,2024,1179,10,A,A
1180,2024,1180,10,A,A
1181,2024,1181,20,A,A
1182,2024,1182,20,B,A
1183,2024,1183,7,A,A
1184,2024,1184,7,A,A
1185,2024,1185,7,A,A
1186,2024,1186,13,B,A
1210,2024,1210,13,B,A
1211,2024,1211,19,A,A
1228,2024,1228,7,A,A
1229,2024,1229,6,A,A
1230,2024,1230,6,C,A
1231,2024,1231,6,A,A
1232,2024,1232,6,B,A
1233,2024,1233,6,C,A
1234,2024,1234,6,B,A
1235,2024,1235,7,A,A
551,2024,551,21,B,A
552,2024,552,20,A,A
553,2024,553,20,B,A
554,2024,554,20,B,A
555,2024,555,20,A,A
556,2024,556,20,A,A
557,2024,557,20,A,A
558,2024,558,21,B,A
559,2024,559,21,B,A
560,2024,560,21,B,A
561,2024,561,20,A,A
562,2024,562,20,B,A
563,2024,563,10,A,A
564,2024,564,20,A,A
565,2024,565,20,B,A
566,2024,566,20,A,A
567,2024,567,20,B,A
568,2024,568,20,A,A
569,2024,569,20,A,A
570,2024,570,20,A,A
571,2024,571,21,A,A
572,2024,572,21,B,A
573,2024,573,21,B,A
574,2024,574,21,B,A
649,2024,649,21,A,A
597,2024,597,1,B,A
598,2024,598,29,A,A
599,2024,599,10,A,A
389,2024,389,7,A,A
390,2024,390,7,A,A
391,2024,391,17,A,A
392,2024,392,17,A,A
393,2024,393,20,B,A
394,2024,394,21,B,A
395,2024,395,6,A,A
396,2024,396,6,B,A
397,2024,397,10,B,A
398,2024,398,1,B,A
399,2024,399,20,B,A
400,2024,400,19,A,A
401,2024,401,29,A,A
402,2024,402,1,B,A
403,2024,403,25,A,A
404,2024,404,20,B,A
405,2024,405,20,B,A
406,2024,406,20,B,A
407,2024,407,7,A,A
408,2024,408,21,B,A
409,2024,409,25,B,A
410,2024,410,10,B,A
411,2024,411,5,A,A
412,2024,412,13,B,A
413,2024,413,19,A,A
414,2024,414,7,A,A
873,2024,873,19,A,A
874,2024,874,6,C,A
875,2024,875,6,C,A
876,2024,876,6,A,A
877,2024,877,6,A,A
878,2024,878,19,B,A
879,2024,879,19,B,A
880,2024,880,19,B,A
881,2024,881,19,A,A
882,2024,882,19,B,A
883,2024,883,21,B,A
884,2024,884,21,A,A
885,2024,885,21,A,A
886,2024,886,25,B,A
887,2024,887,25,A,A
888,2024,888,20,B,A
889,2024,889,20,B,A
890,2024,890,20,A,A
891,2024,891,1,B,A
892,2024,892,11,A,A
893,2024,893,13,B,A
894,2024,894,17,A,A
895,2024,895,17,A,A
896,2024,896,13,A,A
897,2024,897,13,A,A
682,2024,682,19,B,A
683,2024,683,25,A,A
684,2024,684,25,B,A
685,2024,685,1,B,A
686,2024,686,19,A,A
687,2024,687,20,A,A
688,2024,688,1,B,A
689,2024,689,11,A,A
690,2024,690,19,B,A
691,2024,691,7,A,A
692,2024,692,19,B,A
693,2024,693,20,B,A
694,2024,694,1,B,A
695,2024,695,7,A,A
696,2024,696,25,A,A
697,2024,697,25,B,A
698,2024,698,13,B,A
699,2024,699,6,C,A
700,2024,700,6,B,A
672,2024,672,13,A,A
673,2024,673,13,B,A
674,2024,674,1,A,A
675,2024,675,25,B,A
